id;nickname;avatar_image_blob;avatar_image_blob_content_type;avatar_text_blob;freshman;email;phone_number;gender;slogan;description;home_page;latitude;longitude;address;services;create_date;update_date
1;"otlK9rVTOYPd3Q3l";../fake-data/blob/hipster.png;image/png;../fake-data/blob/hipster.txt;572;"3usw3c@91.yr.ixtzse";"378463861";F;Accounts Practical;bypassing Account;"mzrpy.yl/";Sleek collaboration;architectures Account;systemic Buckinghamshire Generic;withdrawal;2021-04-13T09:46:51;2021-04-13T03:35:06
2;"Mg8v5v";../fake-data/blob/hipster.png;image/png;../fake-data/blob/hipster.txt;58041;"to@w8fud.xllo";"065885747937552";F;Account Applications;Salad;"u5ec.davLOZu/";deposit;Steel primary COM;Dynamic;Vision-oriented Team-oriented intermediate;2021-04-12T22:32:09;2021-04-13T00:17:54
3;"WspMAZhVgG";../fake-data/blob/hipster.png;image/png;../fake-data/blob/hipster.txt;45553;"gf@2.orb.sy";"757088968092";F;reboot;e-services Multi-channelled;".xw.oyyhsE9oCRsyE";Division Automotive;Refined calculate;violet Handcrafted directional;firewall;2021-04-13T15:04:25;2021-04-12T20:51:15
4;"ur1";../fake-data/blob/hipster.png;image/png;../fake-data/blob/hipster.txt;53814;"4bu@ndzg.iffkmg";"60321364468736";M;withdrawal Hat Peso;lime;"s2l-5.ff/";Generic;interactive SMTP Generic;system dot-com Small;Fantastic blockchains;2021-04-13T00:42:09;2021-04-13T05:53:30
5;"RGUI";../fake-data/blob/hipster.png;image/png;../fake-data/blob/hipster.txt;47301;"4q5xhi@t.xjh";"77942194266088";F;interactive;Eritrea;"fr.nyj2azmD5mcU/";seamless;Loan Metal;Dam Usability SAS;Industrial deposit XML;2021-04-13T14:11:57;2021-04-12T20:46:08
6;"FHdS";../fake-data/blob/hipster.png;image/png;../fake-data/blob/hipster.txt;6046;"dt@3b.-h.wwsw.";"4545228104896";F;reboot;Belgium transition grow;"http://5..tgrye/";Handmade Heard array;Delaware bluetooth Markets;indigo;navigate redundant Lithuania;2021-04-13T13:01:27;2021-04-13T06:49:59
7;"rBCXRPrwTAsoGa";../fake-data/blob/hipster.png;image/png;../fake-data/blob/hipster.txt;54491;".v2j1f@k.ljnqj";"636723034";M;Personal payment;override SMS Cross-group;"http://.a7dh.rgwawiP/";Loan Tobago New;protocol productivity;Digitized;invoice Avon Implementation;2021-04-13T10:02:35;2021-04-13T00:40:19
8;"DeOv9vT6_ja3";../fake-data/blob/hipster.png;image/png;../fake-data/blob/hipster.txt;63913;"5@qg.fpf";"0597551554";F;Personal;Bedfordshire Bike;"http://n86v5.ir.jfscl";Wooden Yuan Berkshire;digital;tan Assurance Plastic;synergize Union Multi-channelled;2021-04-12T18:47:31;2021-04-13T07:09:34
9;"jHKwxz_ieMaoi";../fake-data/blob/hipster.png;image/png;../fake-data/blob/hipster.txt;12054;"nu04@kq.kue";"5415090099";M;multi-byte envisioneer Human;Beauty;"b06p2.ohtm-9U";withdrawal microchip Money;Chicken Fantastic empower;EXE SSL;Web Awesome bandwidth;2021-04-13T11:34:22;2021-04-12T23:24:31
10;"lS-";../fake-data/blob/hipster.png;image/png;../fake-data/blob/hipster.txt;81044;"x0pg27@wgq.ukfi";"2542998734243";F;strategy;disintermediate Operations;"tz.lxuwZHeoPz3KB4/";bus Customer-focused Berkshire;Future Burundi;Beauty quantify Ergonomic;empower Grocery Practical;2021-04-13T03:54:36;2021-04-13T04:29:37
